{"MACs": 11349884, "Params": 18624, "test": [{"test/acc": 0.4180256128311157, "test/loss": 1.734375, "test/loss.a": 1.5793027877807617, "test/acc.a": 0.49666666984558105, "test/cnt.a": 3300.0, "test/acc.real": 0.47257083654403687, "test/count.real": 9880.0, "test/lloss.real": 1.6385070085525513, "test/loss.b": 1.7377943992614746, "test/acc.b": 0.4224924147129059, "test/cnt.b": 3290.0, "test/loss.c": 1.5986037254333496, "test/acc.c": 0.4984802305698395, "test/cnt.c": 3290.0, "test/loss.s1": 1.7568243741989136, "test/acc.s1": 0.425151526927948, "test/cnt.s1": 3300.0, "test/acc.seen": 0.401414155960083, "test/count.seen": 9900.0, "test/lloss.seen": 1.7664285898208618, "test/loss.s2": 1.8308708667755127, "test/acc.s2": 0.3487878739833832, "test/cnt.s2": 3300.0, "test/loss.s3": 1.71159029006958, "test/acc.s3": 0.43030303716659546, "test/cnt.s3": 3300.0, "test/loss.s4": 1.7712069749832153, "test/acc.s4": 0.4060606062412262, "test/cnt.s4": 3300.0, "test/acc.unseen": 0.3802020251750946, "test/count.unseen": 9900.0, "test/lloss.unseen": 1.7990576028823853, "test/loss.s5": 1.7511769533157349, "test/acc.s5": 0.4036363661289215, "test/cnt.s5": 3300.0, "test/loss.s6": 1.874788761138916, "test/acc.s6": 0.3309091031551361, "test/cnt.s6": 3300.0, "test/loss.airport": 1.7299585342407227, "test/acc.airport": 0.3608108162879944, "test/cnt.airport": 2960.0, "test/loss.bus": 1.8074796199798584, "test/acc.bus": 0.3824915885925293, "test/cnt.bus": 2970.0, "test/loss.metro": 2.0391602516174316, "test/acc.metro": 0.24444444477558136, "test/cnt.metro": 2970.0, "test/loss.metro_station": 1.8279013633728027, "test/acc.metro_station": 0.3585858643054962, "test/cnt.metro_station": 2970.0, "test/loss.park": 1.346250295639038, "test/acc.park": 0.6434343457221985, "test/cnt.park": 2970.0, "test/loss.public_square": 2.204491138458252, "test/acc.public_square": 0.17373737692832947, "test/cnt.public_square": 2970.0, "test/loss.shopping_mall": 1.4500919580459595, "test/acc.shopping_mall": 0.6023569107055664, "test/cnt.shopping_mall": 2970.0, "test/loss.street_pedestrian": 1.8834624290466309, "test/acc.street_pedestrian": 0.3117845058441162, "test/cnt.street_pedestrian": 2970.0, "test/loss.street_traffic": 1.1353416442871094, "test/acc.street_traffic": 0.7686868906021118, "test/cnt.street_traffic": 2970.0, "test/loss.tram": 1.9237749576568604, "test/acc.tram": 0.3334459364414215, "test/cnt.tram": 2960.0, "test/macro_avg_acc": 0.41797786951065063}]}